Subject,Time,Cluster,Cat01_Default_DefaultMode_LP__R__Mean,Cat01_Default_DefaultMode_LP__L__Mean,Cat01_Default_DefaultMode_PCC_Mean,Cat01_Default_DefaultMode_MPFC_Mean,Cat02_Memory_Emotion_Amygdala_l_Mean,Cat02_Memory_Emotion_Amygdala_r_Mean,Cat02_Memory_Emotion_Brain_Stem_Mean,Cat02_Memory_Emotion_Hippocampus_r_Mean,Cat02_Memory_Emotion_Hippocampus_l_Mean,Cat02_Memory_Emotion_pPaHC_l_Mean,Cat02_Memory_Emotion_pPaHC_r_Mean,Cat02_Memory_Emotion_aPaHC_r_Mean,Cat02_Memory_Emotion_aPaHC_l_Mean,Cat03_Reward_NAc_L_Mean,Cat03_Reward_NAc_both_Mean,Cat03_Reward_NAc_R_Mean,Cat04_Relay_Thalamus_r_Mean,Cat04_Relay_Thalamus_l_Mean,Cat05_Compulsion_Caudate_l_Mean,Cat05_Compulsion_Caudate_r_Mean,Cat06_Automaticity_Pallidum_l_Mean,Cat06_Automaticity_Pallidum_r_Mean,Cat06_Automaticity_Putamen_l_Mean,Cat06_Automaticity_Putamen_r_Mean,Cat07_Attention_DorsalAttention_FEF__L__Mean,Cat07_Attention_DorsalAttention_FEF__R__Mean,Cat07_Attention_DorsalAttention_IPS__R__Mean,Cat07_Attention_DorsalAttention_IPS__L__Mean,Cat08_Salience_Salience_AInsula__L__Mean,Cat08_Salience_Salience_AInsula__R__Mean,Cat08_Salience_Salience_ACC_Mean,Cat08_Salience_Salience_RPFC__R__Mean,Cat08_Salience_Salience_RPFC__L__Mean,Cat08_Salience_Salience_SMG__L__Mean,Cat08_Salience_Salience_SMG__R__Mean,Cat09_Execution_FrontoParietal_PPC__R__Mean,Cat09_Execution_FrontoParietal_PPC__L__Mean,Cat09_Execution_FrontoParietal_LPFC__R__Mean,Cat09_Execution_FrontoParietal_LPFC__L__Mean,Cat10_Regulation_IFG_tri_r_Mean,Cat10_Regulation_IFG_tri_l_Mean,Cat10_Regulation_IFG_oper_l_Mean,Cat10_Regulation_IFG_oper_r_Mean,Cat10_Regulation_FOrb_r_Mean,Cat10_Regulation_FOrb_l_Mean
sub_02,Pre,3,0.30763346,0.09288444,0.12649707,0.24181499,0.23295546,0.33468792,0.041048035,0.06614619,0.042081386,-0.022605767,-0.09741393,0.036225524,0.015183787,0.56915766,0.49858224,0.42800683,0.28493673,0.14727321,0.29888248,0.3452421,0.13116695,0.10807062,0.19161339,0.29268965,-0.0033623176,0.0026190104,-0.059905764,-0.021928802,-0.10842508,0.08374664,0.34308603,0.11459058,0.054301444,-0.021194417,-0.29476434,-0.053873446,0.033351824,0.0344043,0.04276066,0.23772377,0.013963982,0.22705954,0.17743991,0.3103807,0.1735638
sub_02,post7d,3,-0.058435783,0.14356884,0.03573291,0.12534758,0.2853428,-0.048903465,0.16805318,0.03212271,0.29564884,0.31086597,0.12383796,0.090804495,-0.0010022531,0.09013399,0.09820036,0.10626674,0.4954157,0.2935804,0.22936265,0.23471664,0.06201909,0.27350986,0.16354057,0.20119838,0.32584143,0.11773567,-0.014441532,0.12284097,0.4759991,0.68689424,0.3614334,0.11362058,0.19664326,0.29809192,0.048977796,-0.12678494,-0.084757015,-0.103495695,-0.011531315,0.240481,0.21577427,0.3028061,0.35416916,0.27099833,0.22949314
sub_02,post3m,3,-0.043576065,-0.11885039,0.31458643,-0.05653061,0.82836556,1.1281195,-0.07929731,0.16879986,-0.030107059,-0.09265686,0.6374735,-0.12945656,-0.22999935,0.4146796,0.395577,0.37647444,0.2525521,0.0761605,0.23079012,0.12424818,0.26255715,0.41374132,0.29542413,0.41986573,0.97372127,0.7154159,-0.0065906257,0.18436101,0.023623334,0.64668643,0.23335701,0.08521126,0.34073898,-0.002455396,0.12314077,-0.10999927,-0.018161066,0.090099506,0.20579503,0.5407553,0.13853697,0.46287313,0.47557974,0.48272815,0.37952417
sub_03,Pre,1,0.22125357,0.07748531,-0.031686813,0.015816182,0.35199505,0.108251855,0.26276094,0.13917,0.20949356,-0.3390574,-0.08266787,0.22992176,0.18638922,0.10664575,0.10734505,0.10804435,0.37210703,0.2610308,0.5378552,0.46425706,0.014619001,0.08665636,-0.08733223,-0.1754888,-0.09725328,0.082348645,0.3686847,0.5184901,0.07254175,-0.22691101,0.26540023,-0.15734896,0.09610412,0.2978078,-0.16368262,0.68346745,0.8007861,0.34611326,0.34187585,0.44735044,0.42637616,0.7076605,0.5046291,0.15453388,0.3639104
sub_03,post7d,1,0.12769721,-0.1627697,-0.055706855,-0.04440211,-0.004214983,-0.06590623,-0.035315324,-0.090229005,0.088759065,0.108397655,0.063846245,-0.11841043,-0.28020343,0.28518787,0.24492614,0.20466442,-0.14899257,-0.20691694,0.12856276,0.119410686,0.086456634,0.05265127,-0.045490805,0.0044374983,-0.1416248,-0.044301,0.15578163,0.19996512,0.37203705,0.4483288,0.48436236,0.3092397,0.19040777,-0.11904188,-0.1873128,0.2373264,0.026327537,0.24568945,-0.055988856,0.3769597,0.11554442,0.13028301,0.45547706,0.16573079,0.1513172
sub_03,post3m,1,-0.07014463,-0.3922261,-0.45043996,-0.5527978,0.11087821,0.03154543,0.091608346,-0.21019101,-0.31916597,-0.03422653,-0.03376527,0.11754653,0.26030287,0.14238892,-0.031983264,-0.20635545,-0.09969297,-0.07919222,-0.031111494,-0.13808405,0.10409682,-0.04973587,0.11031377,0.10956925,-0.15471779,-0.013849961,0.42126125,0.38640007,0.4305856,0.7822822,0.3966663,0.49207962,0.21612404,0.34149113,0.8269931,0.8492,0.5536617,0.56958145,0.12516415,0.4257731,0.089171074,0.3909981,0.84211624,0.37925336,0.1812165
sub_04,Pre,3,0.28137216,0.33796844,0.4326876,0.11023856,0.5216831,0.20534074,0.19836128,0.38556874,0.2788522,0.37727207,0.19006401,0.2607159,0.47826752,0.5691078,0.47128147,0.37345517,0.14533666,0.24532168,0.46525216,0.23858163,0.19884762,0.19648983,0.15822686,0.20402767,0.3408713,0.24559885,0.4973497,0.6975204,0.58701164,0.44381762,0.99831665,0.30444893,0.6629663,0.5825073,0.36668262,-0.028683282,0.401622,0.09556902,0.36454055,0.056040555,0.40411264,0.74078745,0.5669736,0.29077846,0.42398667
sub_04,post7d,3,0.11277896,0.63329506,0.3385694,0.8250572,-0.012226643,0.047351126,0.14826156,0.18122303,0.10459222,0.22997436,0.112841584,-0.06250794,-0.088660635,0.45834556,0.5670056,0.67566556,0.17425455,0.109692365,-0.049515292,0.2823469,-0.17420955,-0.08039551,-0.2351163,-0.11485782,-0.063526794,-0.13176136,-0.48130578,-0.046452098,-0.20567532,0.0026085647,0.3255932,-0.072533615,0.10796859,-0.24373372,-0.19944723,-0.49164927,-0.11899249,-0.10609646,0.074950136,-0.031693704,0.26687056,-0.0485645,-0.2614919,0.3279386,0.30850732
sub_04,post3m,3,0.10979796,0.8198633,0.6002713,0.6423052,-0.020860333,-0.009508777,0.28121012,0.1538786,0.32176796,-0.012639686,-0.2127282,0.088780075,0.17880577,0.21105382,0.19444013,0.17782642,0.097646005,-0.019198263,0.36507803,0.3445254,-0.0038623037,0.10583208,0.082219504,0.036384143,0.1838362,0.112369806,-0.047975983,0.15684028,-0.6033185,-0.36240834,-0.27668133,-0.102482006,-0.052938104,-0.46806106,-0.42946315,-0.0579678,0.34872708,0.2778217,0.35142183,0.28227046,0.18578273,-0.16010754,-0.15259865,0.47341135,0.28775278
sub_05,Pre,3,-0.039936863,-0.2486451,-0.16854972,-0.039166927,-0.064380154,-0.04019392,-0.4894375,-0.14666688,-0.24981444,-0.32591677,-0.326781,-0.44446066,-0.6010516,-0.072483584,-0.13661419,-0.20074478,-0.1264372,-0.15953767,-0.070044406,-0.06296128,0.022903321,0.13448882,-0.0038830554,-0.053958066,0.11262558,-0.049711004,-0.06957115,-0.005742616,0.4476852,0.23352408,0.1541938,0.06753332,0.13904749,0.23411155,-0.07114119,0.08514384,-0.10874418,0.104464866,-0.1450776,0.04086928,-0.10499649,0.103920676,0.05519144,0.058305115,0.008009733
sub_05,post7d,3,-0.4213301,-0.4536392,-0.34290266,-0.38472492,-0.51681185,0.023487566,-0.15114652,-0.14182445,-0.38259917,-0.44327483,-0.35906878,-0.36842486,-0.29741576,0.31971124,0.19504268,0.07037412,-0.3168028,-0.28192246,-0.24728931,-0.19469556,-0.10750242,-0.115950644,-0.17215548,-0.16235813,-0.020284627,-0.08677631,-0.14817673,-0.1749325,-0.3785142,-0.40503678,-0.25572008,-0.3724797,-0.2060365,-0.06335318,-0.19659077,-0.4096991,-0.46724665,-0.434457,-0.35885775,-0.24026476,-0.23756076,-0.13819826,-0.21026126,-0.2203686,-0.3122763
sub_05,post3m,3,0.34500325,0.29039806,0.17961311,0.3432889,0.64527494,0.7795679,-0.090841316,0.09356998,-0.056930464,-0.29588535,0.31047317,0.70954067,0.60221183,0.050718155,0.06225548,0.073792815,-0.12412672,-0.07193952,-0.036739893,-0.141321,0.13510987,0.007824298,0.05480197,0.05433047,0.24609436,0.14721608,0.13500682,0.35254568,0.28655344,0.35057697,0.5305832,0.21288532,0.27237132,0.36761415,0.18558863,0.36099344,0.42116988,0.47682607,0.4018848,0.46130395,0.5528477,0.6520293,0.6693469,0.54777414,0.3381934
sub_06,Pre,1,0.2623309,0.6353,0.89190567,0.8450888,1.5202522,1.8308667,1.2272667,1.43955,1.227433,0.92264813,1.2660003,1.8675356,1.6021111,0.89761543,0.5734114,0.24920726,1.0868813,1.1992168,1.1299578,1.2290078,0.6236131,0.36435893,0.84486717,0.90671647,0.36321318,0.44681993,0.6990771,0.70775694,1.1588289,1.4462966,1.5764436,1.0547867,0.75592864,0.13427356,0.060642492,0.6819759,1.1784909,1.5065598,1.0584804,1.3086756,1.246338,0.7018493,0.9294506,0.9174046,0.9133993
sub_06,post7d,1,0.17770873,0.0047087544,0.3132307,0.047127962,1.001424,1.1825795,0.3322066,0.56691104,0.408384,0.072450794,0.3006228,0.6422583,0.50654835,-0.21488428,-0.39152282,-0.56816137,0.64111817,0.6292443,0.82889694,0.65289515,0.11971874,-0.030974766,0.549407,0.25917983,0.6008434,0.13298963,0.7294248,0.7082886,1.2877277,1.4602312,1.3516151,1.0562114,0.6037428,0.8206978,0.81099886,0.5529241,0.67772985,0.65870947,0.28291395,0.60722345,0.5607678,0.52382874,0.83032155,0.29069415,0.22294831
sub_06,post3m,1,0.027357826,0.224483,0.10384982,0.93713814,-0.004327026,0.8832597,0.28033286,0.51351744,-0.19028622,-0.087372795,0.4939091,0.5524518,-0.5292483,-0.14187017,-0.12716258,-0.11245499,0.579905,0.63653105,0.32997167,-0.06312457,0.34996575,0.30993322,0.45626843,0.76561093,0.0022989241,-0.075596206,0.16303922,0.41581282,0.8669194,0.5991774,0.6857965,-0.45779917,-0.55310345,0.25405264,-0.23847215,0.28294885,0.638275,0.23188727,0.4364788,0.39513144,0.89536935,0.68830585,0.16305393,0.33334103,0.48532134
sub_07,Pre,2,-0.36991695,-0.41014752,-0.4663137,-0.0891506,-0.62830853,-0.44357973,0.19452807,-0.39898846,-0.41159177,-0.5589602,-0.6372776,-0.3178376,-0.105316654,0.16737634,0.22837819,0.28938007,-0.16962942,-0.16869861,-0.082114086,-0.18554169,-0.09449461,0.023790643,-0.17618261,-0.07741687,-0.34581506,-1.0597988,-0.31255877,-0.07314072,-0.56181705,-0.73057735,-0.43741527,-0.22996508,-0.32624784,-0.24868627,-0.7677821,-0.48120323,-0.626135,-0.29719532,-0.34716892,-0.50803316,-0.61157024,-0.5262063,-0.38749152,-0.07398319,-0.26453418
sub_07,post7d,2,-0.28277907,-0.18265279,-0.59197843,-0.18515758,-0.1566859,-0.3070226,-0.39236242,-0.13644803,-0.05006271,-0.3244401,-0.3155439,-0.16017847,-0.084261455,-0.1931282,-0.16043013,-0.12773208,-0.49841517,-0.3987543,-0.08684121,0.01876021,-0.17889848,-0.1771708,-0.1457224,-0.29831094,-0.35652533,-0.89704347,-0.5050308,-0.24758491,-0.7481424,-0.78420717,-0.32019365,-0.35521936,-0.63142645,-0.57184875,-0.9060744,-0.41230902,-0.40232733,-0.20762701,-0.24666052,-0.112450555,0.079826795,-0.4050497,-0.17686082,-0.018168813,-0.071057014
sub_07,post3m,2,0.3939487,0.49039513,0.49559027,0.6634043,1.0897975,0.41683665,0.3386804,0.68194413,0.86680496,0.49136764,0.5741785,0.11359492,0.18004096,0.33050507,0.43077847,0.5310518,0.7412722,0.69641477,0.11218627,0.21464124,0.1226104,0.31396008,0.24918507,0.13352752,0.29962027,0.9205253,0.38728222,0.7102095,0.8466254,0.9652762,0.91706795,0.22036065,0.7829085,0.30799836,0.040824756,0.35391268,1.06059,0.5078335,0.6332062,0.61681235,1.4625193,1.0030805,0.74564075,0.4784098,0.7615315
sub_08,Pre,3,0.4026977,0.5541896,0.39021647,0.2170953,0.5765952,0.81145704,0.064298935,0.4828977,0.3749725,0.3056473,0.39780694,0.5013937,0.7301716,0.58940274,0.51509523,0.44078758,0.62989265,0.61664283,0.41745943,0.41550922,0.20547876,0.304306,0.13702427,0.103422254,-0.43176183,-0.16058162,0.6188052,0.529666,0.20252648,0.52454793,0.5866293,0.2546842,0.20407613,0.7761137,0.6390195,0.14774957,0.06017008,0.37237754,0.2958939,0.6346791,0.64496297,0.5876357,0.3655864,0.5834218,0.82172966
sub_08,post7d,3,0.3188984,0.20878562,0.41571575,0.6942462,-0.12590024,0.23169017,0.41092744,0.19301198,-0.014659868,-0.071796864,-0.11370286,0.2765812,0.24474701,-0.16520439,-0.111696675,-0.058188956,0.32004443,0.35794616,0.25625256,0.37907153,0.22048275,0.112256385,0.13419367,0.12100871,0.08236082,-0.06823162,0.12464467,0.08856882,-0.011904327,0.2742706,0.4773489,0.42560402,0.44125247,-0.18261261,0.07641942,-0.19824842,-0.005404564,0.16027729,0.18317811,0.3786951,0.265161,0.15294299,0.14020407,0.22193785,0.3780992
sub_08,post3m,3,0.2692977,-0.18246393,0.11621526,0.13145095,0.44784346,0.6561616,0.36274573,0.45606145,0.30033055,0.09434665,0.09169589,0.65648085,0.66536266,0.6682632,0.7661672,0.8640712,0.5854637,0.6025571,0.4787571,0.45341927,0.37333044,0.24815391,0.37878382,0.40444767,0.19257623,-0.011747992,0.24079458,0.07168065,0.18777458,0.521006,0.39713955,0.057671774,-0.20305794,0.14420098,0.21276906,0.0250125,-0.34191567,0.011632753,-0.061318874,0.6694479,0.48128173,0.45454758,0.6604871,0.4050193,0.33784926
sub_09,Pre,2,0.16522907,0.38842386,0.29536787,0.51148075,0.6545487,0.23135096,0.11467507,0.19676736,0.42590207,0.47090927,0.18456434,-0.012792102,0.057929955,0.25679564,0.45980495,0.6628142,0.34153154,0.27434567,0.41601875,0.21265063,0.12289106,0.26653513,0.28638604,0.26041156,0.69832426,0.53075063,0.1930558,0.11783257,0.66625386,0.56587005,0.9038799,0.26541865,0.14551885,0.18938577,0.19061886,0.25834522,0.06845971,0.461399,0.4053975,0.96449655,0.85929084,0.63446116,0.6511818,0.4441814,0.5546268
sub_09,post7d,2,0.44570273,0.5690217,0.79317707,0.51659936,0.8152699,0.57451653,0.44688994,0.4183201,0.5432256,0.63918704,0.34524664,0.11706909,0.2888987,0.22264843,0.32233474,0.42202106,0.6542392,0.7767748,0.5438219,0.6032582,0.24122445,0.33490562,0.5038352,0.4638381,1.8520565,0.9980296,0.65230024,0.7897622,1.0152507,0.8865677,1.2689863,0.40015516,0.40781823,0.36133885,0.29017815,0.65019405,0.54372877,0.70327944,0.56562644,0.9874437,0.79606146,0.80408156,1.0242825,0.57820374,0.4629186
sub_09,post3m,2,0.32589686,0.058584463,0.109784,0.16107069,0.24718493,0.12682599,0.37172544,0.27301794,0.20850633,0.21429896,0.089388475,0.20584445,0.49517792,-0.1459216,-0.094617955,-0.0433143,0.3534041,0.19151013,0.41524944,0.17608723,0.32176918,0.42266604,0.40514007,0.5791765,1.1131023,0.9280853,0.5674483,0.4121801,0.50294,0.5761964,1.0009283,0.4100188,0.26444605,0.2757672,0.2530051,0.5272773,-0.061774388,0.7177496,0.29350367,1.0069833,0.69385177,0.7661058,1.0855887,0.51169056,0.42429817
sub_11,Pre,3,0.13961467,0.18516551,0.37937093,0.47402206,0.6074289,1.0810219,-0.029394139,0.53027046,0.29959622,0.44565126,0.32750455,0.2536254,0.20203301,0.73651385,0.7018868,0.6672595,0.20767227,0.323514,0.29400676,0.3931134,0.2040211,0.077041544,0.23997147,0.25112873,0.6135151,0.14769912,0.059846986,0.21306899,0.3419899,0.43739733,0.31803736,-0.01461532,0.13528278,0.09732293,0.14156947,-0.25038356,-0.20665407,-0.23163311,-0.12711312,0.17708422,0.10129857,0.12729369,0.11686884,0.21542804,0.26667666
sub_11,post7d,3,-0.10080986,-0.1281004,-0.03493147,0.1252227,-0.05888284,0.23642136,0.21559829,0.27992055,-0.09616833,-0.0767158,0.067262374,0.022862213,-0.16907501,-0.11795718,-0.12885898,-0.13976079,0.048744146,0.033392087,0.012566046,0.10715225,0.055548217,-0.050466225,0.04221957,0.002554935,-0.040169705,-0.010046254,-0.055897303,-0.08284818,0.1556788,0.6231966,0.047406618,0.050606903,-0.11052738,-0.4423386,0.03503525,-0.18749292,-0.56374884,-0.13274996,-0.2546133,0.016924482,-0.11620478,-0.1201001,0.008704208,0.097722545,-0.10381232
sub_11,post3m,3,0.2172771,-0.043222457,0.68057275,0.45259047,0.49504814,0.22624844,0.20429525,0.09515252,0.4136436,0.34258175,0.3610316,0.14168102,0.44070435,0.46493557,0.4833326,0.50172955,0.3529483,0.398854,0.25698286,0.38903043,0.23733622,0.0922311,0.09998977,0.108923234,0.16889267,0.039298322,0.16143234,0.21816285,0.6918246,0.7269526,0.7132433,0.40683392,0.46932328,0.53601414,0.45283222,0.5830409,0.43092647,0.4588177,0.15176895,-0.048621815,-0.12345008,0.03959201,0.09552638,0.23466332,0.1848179
sub_12,Pre,3,0.1626362,0.014000679,-0.12766033,-0.06765456,0.45609555,0.50971127,1.109958,0.17747472,0.3119109,-0.079975195,0.5367174,-0.0790539,0.10267247,-0.5429044,-0.5998098,-0.6567152,-0.4058036,-0.3257218,-0.23141949,-0.37763888,0.08725433,0.13227928,-0.09912614,-0.16795276,-1.028694,-0.6613812,-0.2597962,-0.7006204,-0.40970886,-0.26154733,-0.2503797,-0.017005002,-0.29154286,0.23324059,0.44038713,0.028154125,-0.5026249,-0.33770356,-0.36611325,-0.3339858,-0.37338126,-0.16376172,-0.40402293,-0.20970367,-0.100586444
sub_12,post7d,3,-0.0497712,0.3913285,0.02580672,-0.036175087,0.119869135,-0.033057757,-0.08958053,-0.3244722,-0.23724845,-0.062334687,-0.007193651,-0.08429462,-0.28363457,0.29555666,0.35506335,0.41457006,-0.07664902,-0.095537454,-0.0884497,-0.13768536,-0.019596672,0.08727068,0.06280091,0.034983438,-0.13914773,-0.14728996,-0.014764808,0.055942215,-0.55600524,-0.5750126,-0.24076875,-0.1716518,-0.18483542,0.15426967,-0.18880925,-0.51824903,-0.0370729,-0.32627982,-0.17944895,-0.15386577,-0.10004096,-0.21457337,-0.3343982,-0.04009422,0.08525162
sub_12,post3m,3,0.31241065,0.6154673,0.7475971,0.21360749,0.5337745,0.4408055,0.21112084,0.35018513,0.33986965,0.9856243,0.9089601,0.07156149,-0.04709633,0.67216325,0.5976886,0.52321386,0.3375424,0.47170442,0.7475998,0.426251,0.6780436,0.8045392,0.87911224,0.8967582,-0.3606114,0.20546034,0.15966302,0.12604131,1.300023,1.2896624,1.1613923,0.86499655,0.54058284,0.5483285,0.34749746,0.5715537,0.779512,0.63339883,0.68294823,0.46145743,0.4668463,0.68468356,0.63314456,0.6888053,0.5982218
sub_13,Pre,3,-0.15929137,0.2594999,-0.15088214,-0.20444112,-0.10695676,0.25587827,0.16330972,0.068918124,-0.043776784,-0.27526233,-0.11992475,0.14345537,0.085281774,-0.106262326,-0.05508291,-0.0039034942,-0.07796903,-0.1674504,-0.045673642,-0.0064416854,-0.08478602,0.15260327,-0.0578616,-0.09976121,0.10358108,0.29322487,-0.02618366,0.081397496,0.40129375,-0.011229785,-0.037886627,-0.04762764,0.013585181,-0.1571962,-0.45687786,0.08593816,0.18813941,0.15290134,0.29626122,0.26508585,0.28173545,0.35986042,0.33593485,-0.024457486,-6.786543e-05
sub_13,post7d,3,0.21974064,0.52947944,0.02193616,0.10532603,0.67508525,0.5954139,-0.1737757,0.17058574,0.04446738,-0.33221376,-0.6681859,0.3049977,0.33708113,-0.08857577,-0.118622184,-0.14866859,0.1710041,0.22487988,0.07571741,-0.014203099,0.14261726,0.087389946,0.27351868,0.19806072,-0.27543575,-0.25040647,-0.16972886,-0.16089696,-0.043561768,-0.53800964,0.10276269,-0.21584302,-0.021666054,-0.11638186,-0.9093462,-0.11320988,0.43140268,0.4250341,0.60718554,0.44630957,0.40664542,0.6618786,0.5875675,0.20749673,0.3121148
sub_13,post3m,3,0.25496042,0.35120556,0.20488504,0.45990053,0.13132516,0.23263082,0.12550056,-0.024883347,-0.026687281,0.027057214,-0.3155983,0.00618825,-0.03805407,0.40491202,0.2653877,0.12586342,0.041619956,-0.024059378,0.11464651,0.12703557,0.14921099,0.2900427,0.358746,0.37378567,-0.12505026,-0.31807944,-0.1452353,-0.07082038,0.08360316,0.27832782,0.7382424,0.32924896,0.22359541,0.2712481,-0.18130721,0.10817359,0.3060809,0.44985202,0.33163193,0.19042005,0.18298991,0.23456109,0.29440537,0.350456,0.282499
sub_14,Pre,2,0.14247182,0.20559233,0.23021795,0.5049602,0.95932406,0.8739763,0.38499802,0.51781166,0.54924035,0.58399355,0.4272756,0.59375036,0.81748027,-0.32292253,-0.18176615,-0.040609784,0.39256287,0.2557721,0.18110634,0.11290074,0.2720021,0.36818093,0.49121767,0.34506282,0.2307201,0.23253672,0.3840375,0.52947116,0.7528881,0.51451254,1.5972077,0.44786406,0.6925971,0.5249318,0.06178942,0.35291848,0.2868533,0.417186,0.46077618,0.45304397,0.41916174,0.91354984,0.8632702,0.6053735,0.7092071
sub_14,post7d,2,0.26988435,0.6156424,0.553952,0.0880178,0.7182183,0.4846222,0.53720874,0.65100867,0.72099805,0.65230477,0.5633641,0.4365739,0.4626721,0.14516266,0.11396763,0.08277261,0.5004376,0.32961538,0.10978918,0.2625414,0.08580321,0.09024041,0.09764193,0.0056264997,0.31175917,0.50772065,1.0611063,1.0443944,0.5139115,0.38921052,0.6110753,0.28040367,0.59617704,0.5721297,0.22676949,-0.010941081,0.2495624,0.22069947,0.32686952,0.38039076,0.66535467,0.6831938,0.6593755,0.30386978,0.37614626
sub_14,post3m,2,0.23582755,0.17219408,-0.015035434,0.2608721,0.44285005,0.624931,-0.32817423,0.3481608,-0.064674415,0.32789013,0.80250657,0.18007919,0.014276315,-0.083638966,-0.019986777,0.04366542,0.175783,0.25101018,-0.07275486,-0.072016746,0.043667905,0.02186336,0.07295397,0.030617721,0.20148388,0.4019352,1.0362964,0.9312551,0.96088415,1.041488,1.2118782,0.5246589,0.39802507,0.6086799,0.35242504,0.5174592,0.5112415,0.5109585,0.22530462,0.5933821,0.46242133,1.1315225,1.2017648,0.81191856,0.7828749
sub_15,Pre,1,0.41653562,0.31391954,0.59362894,0.56600446,1.7781764,1.7704543,1.3086147,1.4177134,1.2835178,1.2033807,1.0603149,1.469914,1.2073485,1.0076505,1.0265899,1.0455294,1.7006164,1.6935266,2.5745637,2.4540257,0.4322497,0.46958962,0.85211223,0.77643293,1.0144238,0.6863857,0.65162075,0.7375693,1.2562339,1.4732263,1.0274755,1.0185792,0.6161516,0.9085236,0.49905524,0.64816713,0.3535158,0.54765797,0.406176,0.588765,0.5464723,0.83078164,1.1089199,0.6532368,0.5108607
sub_15,post7d,1,0.17722823,0.30471382,0.44863743,0.32817167,0.11129494,-0.0075280187,-0.3900906,-0.3060882,0.00823682,-0.51498973,-0.26912695,-0.14717382,-0.11392832,0.13223071,0.14977476,0.1673188,0.39097586,0.3303493,0.2806791,0.29835877,0.28683433,0.083938666,0.21622433,0.094620965,0.96490884,1.1247648,0.25649068,0.53565305,0.32222846,0.27216792,0.71747786,0.41666165,0.58480203,-0.07088591,0.06642646,0.27132925,0.5252542,0.3275777,0.5466382,0.31332037,0.44792378,0.41645396,0.17292541,0.28201818,0.48147178
sub_15,post3m,1,-0.025982361,0.12877218,-0.004635903,0.23625274,0.15382168,0.070481695,-0.081133164,-0.07652374,0.019133732,-0.06281147,0.015676329,0.1386799,-0.011011755,0.1630613,0.17655297,0.19004461,0.00096518773,-0.02087837,0.22679274,0.17407733,0.013623982,-0.031734463,-0.07121199,-0.057458963,-0.033539943,0.10989204,-0.20922408,-0.11125805,-0.036456347,0.0014759437,0.083432406,-0.089783,0.07831091,-0.23614673,-0.08772061,0.21158822,0.3791683,0.18985868,0.30504057,0.15890239,0.26711676,0.18465208,0.1683713,0.08269418,0.11375176
sub_16,Pre,1,0.09424009,0.19490731,0.27004832,0.3816259,0.17286332,0.29226896,-0.19685087,-0.10832271,0.14881091,0.24197517,0.030276112,0.048919585,0.034060337,0.13644806,0.20766905,0.27889004,0.062357023,0.13531028,0.18073867,0.24179459,0.03147288,0.105332255,0.09049345,0.097004004,0.052753292,0.215582,0.1382365,0.12851319,0.5291407,0.2662489,0.45138186,0.25893933,0.30124018,0.13555449,-0.08147494,0.17730086,0.44525507,0.3052839,0.20826179,0.35459548,0.1529473,0.2983513,0.2104673,0.26488942,0.27385676
sub_16,post7d,1,-0.115354106,0.16277346,0.3196508,0.047873795,0.58278126,0.7220133,0.7525952,0.32130986,0.45998135,0.27890262,0.33795273,0.5815084,0.5667504,0.058797404,0.0011885162,-0.05642037,0.48674354,0.35516223,0.40223265,0.2355836,0.34591573,0.19497459,0.22127669,0.137248,0.29339495,0.61696285,0.31023577,0.455562,0.42071116,0.45462137,0.4113624,0.05163794,0.04785996,0.27465975,0.70637876,-0.04589312,0.44447172,0.3141635,0.48220658,0.43087462,0.3141399,0.3580909,0.17228976,0.1925038,0.3871618
sub_16,post3m,1,0.10527081,0.13264027,-0.019316614,-0.20864804,-0.31114054,-0.34043705,-0.48600766,-0.61835194,-0.5073323,0.019597372,-0.31264108,-0.5794327,-0.67640996,0.17343573,0.068880655,-0.03567442,-0.058369156,-0.06772051,0.23829496,0.20833445,0.09461155,0.15577064,0.2325798,0.0590418,0.070973635,0.33034727,0.422371,0.36761513,-0.46454158,0.030834232,0.0052400194,-0.18228135,-0.31085375,0.08345861,0.22359252,0.35634264,0.10465799,0.5033491,0.12999585,0.28075907,0.19601446,0.2308678,0.5594925,0.41628516,0.12742665
sub_17,Pre,1,0.48879936,0.64739525,0.5361319,0.64120144,0.8628352,0.68042415,0.19486539,0.8128856,0.66857713,0.4557992,0.4451753,0.5702696,0.5381483,0.31872356,0.50846493,0.6982062,0.6244116,0.6111288,0.47678673,0.23470795,0.2933524,0.533848,0.4122856,0.75356734,0.25011542,-0.04249954,0.3280923,0.2612409,0.27978894,0.26137748,0.5943285,-0.065810315,0.24955517,-0.13219064,0.12953725,0.26150545,0.6129952,0.1705349,0.34806162,0.4529137,0.3235489,0.3108194,0.43568164,0.41213584,0.3638244
sub_17,post7d,1,0.5911282,0.57379854,0.5761313,0.8289666,0.9937333,1.3910532,0.8024155,1.4983186,0.929662,0.7064499,0.9501074,1.7301373,1.3222837,0.8839056,0.7772726,0.6706395,1.0719326,0.9496297,0.6684391,0.601034,0.56061125,0.29721522,0.46121415,0.5538288,1.0111396,1.468389,1.3144679,0.7894256,0.8536696,1.1174985,0.94928855,0.38945025,0.67745495,0.77308214,0.39462456,0.29794332,0.94903654,0.5909122,0.69039315,0.4672677,0.27309626,0.62438774,0.7342045,0.61007637,0.6746346
sub_17,post3m,1,0.09645842,-0.09799071,-0.15234792,0.52682394,1.7781712,1.4989471,1.0477357,2.002271,1.7246529,0.76726335,1.0465072,1.4047978,1.2235099,0.34423995,0.30215487,0.26006985,0.65235054,0.64455634,0.90013903,0.970354,0.18982178,0.12394333,0.4529245,0.39243057,0.13294187,-0.40181231,-0.5623968,-0.09296009,0.12860881,-0.62226576,0.009038636,-0.58298683,-0.15860571,-0.4494814,-0.48366278,0.401878,0.27082032,0.12961186,0.29805177,0.6552728,0.6503345,0.5253296,0.18218848,0.32328427,0.533969
